Elizabeth	Davies
Brandon	Young
Rachel	Skinner
Max	Wallace
Max	Vance
Phil	Roberts
Luke	Poole
Hannah	Kelly
Christopher	Harris
Kimberly	Wright
Deirdre	Allan
Stephanie	Allan
Ava	Metcalfe
Claire	Mackenzie
Felicity	Sharp
Ryan	Jackson
Oliver	Cameron
Piers	MacDonald
Alexander	Sutherland
Sean	Jackson
Bernadette	Clark
Lily	Wilson
Virginia	Anderson
Neil	Berry
Joan	Dowd
Paul	Pullman
Theresa	Baker
Richard	Ellison
Sam	Cameron
Rebecca	Ince
Paul	Powell
Anna	Edmunds
Trevor	Ferguson
Leah	Scott
Lillian	Bond
Anthony	Taylor
Sean	Reid
Liam	North
Wendy	Anderson
Alexander	Poole
Stephanie	Lewis
Dominic	Ellison
Leonard	Alsop
Oliver	Lewis
Sebastian	Parsons
Lily	Poole
Caroline	Dyer
Alexandra	Stewart
Nicholas	Glover
Carol	Hughes
Karen	Ross
Alexander	Lambert
Alexander	Greene
Edward	Gibson
Sue	Harris
Jennifer	Arnold
Colin	Mathis
Jan	Bailey
Lily	Sharp
Zoe	Wilkins
Leonard	Kelly
Sam	Blake
Victoria	McDonald
Dan	Blake
Victoria	Gibson
Joshua	Taylor
Christopher	MacDonald
Rachel	Lee
Diana	Newman
Jacob	Mitchell
Boris	Sanderson
Dan	Turner
Maria	Arnold
Piers	Welch
Harry	Nolan
Claire	Coleman
Neil	Simpson
Simon	Hudson
Kevin	Davies
Oliver	Turner
Sebastian	Langdon
Sean	Ferguson
Dominic	Anderson
Jane	Marshall
Christopher	Ross
Alison	Nash
Gordon	Mathis
Thomas	MacDonald
Jake	Sanderson
Christian	Bell
Neil	Taylor
Deirdre	Ross
Amy	Metcalfe
Gavin	Peters
Stewart	Sutherland
Kevin	Murray
Virginia	Howard
Lily	Oliver
Lillian	Ince
Keith	Knox
Adam	Burgess
Gavin	Morgan
Lauren	Tucker
Faith	Duncan
Deirdre	Avery
Neil	Ogden
Kimberly	Duncan
Bernadette	Russell
Sean	Nash
Brian	Knox
Abigail	McLean
Dorothy	Rampling
Tracey	Reid
James	McDonald
Elizabeth	Vance
Simon	Hart
Stephen	Coleman
Steven	Anderson
Simon	Lyman
Jason	Peters
Sam	Bower
Matt	Gill
Cameron	McDonald
Felicity	Hunter
Jennifer	Clarkson
Hannah	Edmunds
Carl	Mackenzie
Jake	Berry
Molly	North
Grace	Murray
Nicola	Campbell
Felicity	MacLeod
Heather	Sanderson
Jasmine	Newman
Rachel	Clark
Matt	Stewart
Gabrielle	Murray
Kevin	Rees
Andrew	Bond
Heather	Ball
Julian	Ogden
Joanne	Underwood
Tim	Davidson
Adam	Morrison
Julian	Glover
Kylie	Robertson
Julia	Simpson
Chloe	Mitchell
Edward	Black
Abigail	Jones
Stephen	Arnold
Heather	Smith
Brian	Lyman
Gabrielle	Chapman
Victor	Duncan
Charles	MacDonald
Alexandra	Ross
Andrea	Newman
Bernadette	Hardacre
Bella	Ogden
Steven	Cornish
Jake	Edmunds
Katherine	Ball
Victoria	Jackson
Lucas	Greene
Sarah	North
Christian	Kerr
Joshua	Black
Rebecca	Springer
Amanda	Reid
Theresa	Morrison
Richard	Payne
Adrian	Mackenzie
Adrian	Quinn
Sophie	Turner
Dominic	Piper
Joanne	Buckland
Pippa	Ince
Steven	Brown
Dominic	Arnold
Maria	Blake
Jane	Rutherford
Sebastian	Young
Austin	Coleman
Austin	Brown
Wanda	Churchill
Andrea	Davidson
Lillian	Skinner
Tim	Avery
Jessica	Stewart
Felicity	Churchill
Anthony	Metcalfe
Dylan	Black
Isaac	Welch
Adrian	Mackay
Caroline	Scott
Stephen	Dowd
Kevin	Nash
Emma	McDonald
Frank	Bell
Bernadette	Springer
Michael	Cameron
Alexandra	Butler
Caroline	James
James	Russell
Samantha	Terry
Carolyn	McDonald
Jacob	Gibson
Joanne	Hemmings
Luke	Springer
Jessica	Berry
Stewart	Henderson
Brian	Robertson
Dylan	Butler
David	Edmunds
Sonia	Taylor
Gavin	Alsop
Abigail	Rampling
James	Sharp
Irene	Butler
Jennifer	MacDonald
Molly	Vance
Christopher	Skinner
Kimberly	Berry
Kevin	Johnston
Sean	Gill
Bella	Short
Thomas	Lee
Jan	Buckland
Sally	Marshall
Lucas	Howard
Isaac	Bailey
Diane	Peters
Alexander	Hardacre
Hannah	Welch
Heather	Walker
Benjamin	Bower
Warren	Hart
Jasmine	Wright
Richard	Mackay
Diane	Berry
Piers	North
Bernadette	Black
Wendy	Glover
Adrian	Reid
Matt	Henderson
Keith	Miller
Amelia	Davies
Neil	Hamilton
Boris	James
Anthony	Lambert
John	Berry
Rose	Robertson
Ryan	Randall
Deirdre	Edmunds
Steven	Henderson
Joe	Greene
Hannah	Ogden
Simon	Hill
Alexandra	Buckland
Jennifer	Mills
Kevin	Harris
Kylie	Powell
Anthony	Ellison
Rebecca	Lyman
Rose	Sharp
Zoe	Lee
Emily	Wilson
Bernadette	Abraham
Lily	Bailey
Angela	Baker
Penelope	Newman
Joan	Hunter
Sam	Edmunds
Thomas	Langdon
Ella	Mathis
Jonathan	Nolan
Madeleine	Langdon
Connor	Thomson
Alison	Harris
Robert	Burgess
Simon	Morgan
Stephen	Kerr
Michelle	Ince
Ava	Langdon
Wanda	Harris
Sonia	Clarkson
Jonathan	Newman
Oliver	Simpson
Lillian	May
Carolyn	King
Edward	Jones
Christian	Fisher
Alexandra	Abraham
Lillian	Lambert
Molly	Sutherland
Jacob	Hamilton
Jessica	Blake
Piers	Allan
Oliver	Gill
Sean	Burgess
Rebecca	Wright
Justin	McGrath
Leonard	Taylor
Una	Ince
Frank	Berry
Rebecca	Mills
Owen	Slater
Ruth	Young
Ella	Kelly
Paul	Alsop
Audrey	Mackenzie
Jake	Lyman
Sue	Rutherford
Steven	Buckland
Sally	Short
Olivia	Churchill
Christian	Nash
Kimberly	Lyman
Michelle	Carr
Alexandra	Bond
Amelia	Knox
Amelia	Kerr
Leonard	Chapman
Sophie	Payne
Chloe	Mackay
Charles	Johnston
Liam	Churchill
Tim	Gibson
Molly	Metcalfe
Penelope	Turner
Joseph	Manning
Isaac	Arnold
Leonard	Cameron
Fiona	James
Molly	Knox
Donna	Cornish
Stewart	Newman
Matt	Ross
Boris	Vance
Ava	Johnston
Pippa	Duncan
Leah	Robertson
Molly	Watson
Elizabeth	Mathis
Oliver	Langdon
Andrew	Scott
Nicholas	Blake
Piers	Kerr
Lucas	Morrison
Piers	Ball
Piers	Bond
Benjamin	Coleman
Ian	Sanderson
Jan	Parsons
Rose	Abraham
Max	MacDonald
Claire	Sanderson
Sonia	Knox
Cameron	Greene
Amanda	Knox
Amanda	Robertson
Sarah	Mackenzie
Joseph	Lambert
Alan	Harris
Bernadette	King
Vanessa	Jackson
Ian	Metcalfe
Connor	Simpson
Bernadette	Jackson
Julia	Jackson
Emily	Lee
Nicola	Mackay
Blake	Robertson
Carl	Avery
Amelia	Sutherland
Andrew	Howard
William	Black
Eric	Tucker
Donna	Sutherland
Kimberly	Turner
Frank	Ferguson
Andrew	Payne
Cameron	Peake
Megan	Coleman
Carl	Bower
Dominic	Mackay
Nathan	Peake
Ryan	Fraser
Caroline	Terry
William	Ince
Michelle	May
Jacob	Walsh
Audrey	Churchill
Alexandra	Clark
Keith	Ross
Wanda	Murray
Kylie	Thomson
Paul	Ince
Alison	Lawrence
Lauren	Lambert
Luke	Simpson
Frank	Robertson
Brandon	Ferguson
Rebecca	Slater
Jane	Buckland
Adam	Newman
Kevin	MacDonald
Joanne	Bell
Elizabeth	Bond
Michael	Peters
Carol	Ferguson
Jonathan	Duncan
Dan	Lyman
Hannah	Chapman
Dominic	Jones
Donna	Young
Keith	Metcalfe
Emily	Campbell
Julia	Miller
Sarah	Churchill
Joseph	Cameron
Edward	Marshall
Felicity	Simpson
Andrew	Marshall
Isaac	Gill
Adam	MacLeod
Benjamin	Hughes
Frank	Stewart
Richard	Gray
Alan	Watson
Joshua	Welch
Warren	Welch
James	Buckland
Rose	Kerr
Nathan	Manning
Kevin	Slater
Colin	McDonald
Justin	Mills
Sonia	Grant
Sarah	Davies
Diane	Black
Wanda	Nash
Vanessa	Watson
Jack	Young
Heather	Manning
Jennifer	Bower
Trevor	Cameron
Harry	Lawrence
Steven	Gray
David	Abraham
Stewart	Campbell
James	Fraser
Dylan	Piper
Jake	Baker
Phil	Wilkins
Tim	Smith
Leah	McLean
Ella	Dowd
Penelope	May
Kevin	Dickens
Michelle	Avery
Steven	Mackay
Theresa	Chapman
Sonia	Powell
Andrew	Robertson
Andrew	Berry
Tracey	Davidson
Jan	Jones
Michael	Graham
Faith	Knox
Blake	Dickens
Thomas	Hardacre
Bernadette	MacDonald
Jane	Cameron
Sean	Berry
Tracey	Cameron
Claire	Oliver
Stephanie	Hemmings
Virginia	Lee
Alan	Cornish
Emily	Johnston
Oliver	Burgess
Joshua	Piper
Nathan	Mills
Keith	Duncan
Robert	Metcalfe
Benjamin	McGrath
Justin	Parsons
Zoe	Stewart
Anthony	Lewis
Piers	Oliver
Olivia	Oliver
Sarah	Kerr
Anna	Arnold
Victor	Skinner
Sophie	Manning
Elizabeth	Harris
Amy	Sutherland
Warren	Wilson
Nicholas	Gibson
Jan	Parr
Ruth	Lyman
Christian	Vance
Sean	Fisher
Felicity	Underwood
Bella	Nolan
Fiona	Pullman
Maria	Vaughan
Lily	Parsons
Leonard	Edmunds
Austin	Davies
Jennifer	Poole
Theresa	Terry
Brian	Hardacre
Melanie	Manning
Colin	Dyer
Tim	Brown
Grace	Langdon
Bella	Hart
Anne	Morrison
Oliver	Carr
Ryan	Davies
Lillian	Wallace
John	Hamilton
Sean	Welch
Liam	Stewart
Lucas	Reid
Diana	Watson
Diana	Poole
Elizabeth	Peake
Donna	Burgess
Charles	Langdon
Anthony	Coleman
Thomas	Ball
Thomas	Clarkson
Sarah	Miller
Steven	Graham
Julian	Abraham
Rose	Cornish
Gordon	Lee
Bernadette	Berry
Lucas	Brown
Christopher	Abraham
Stephanie	Parsons
Penelope	Paterson
Alexandra	Lawrence
Nathan	Russell
Sally	Forsyth
Adam	Skinner
Amy	Robertson
Christopher	Sharp
Kevin	Taylor
Luke	Young
Bella	Lawrence
Simon	Mitchell
Cameron	Harris
Frank	Hughes
Heather	Paterson
Anna	Duncan
Donna	Alsop
Dan	Clarkson
Yvonne	Brown
Brian	McDonald
Peter	Davies
Peter	Peters
Natalie	Clarkson
Lily	Bond
Carolyn	Vance
Trevor	Burgess
Amy	Langdon
Hannah	Russell
Jason	Langdon
Paul	Thomson
Megan	Clarkson
Angela	Langdon
Sonia	Watson
Evan	Russell
Ruth	Vaughan
Joanne	Churchill
Carol	Hemmings
Sonia	Vance
Evan	Simpson
Harry	Underwood
Ian	Mathis
Piers	Taylor
Rebecca	North
Sue	Fraser
Isaac	Stewart
Amy	Paige
Steven	Forsyth
Rachel	Harris
Eric	Murray
Emily	Davidson
Jan	Lawrence
Brian	Clarkson
Brandon	Morrison
Samantha	Alsop
Ruth	Welch
Megan	Terry
Dylan	Howard
Deirdre	Jackson
Sally	Davidson
Christian	Short
Paul	Rutherford
Diane	Mitchell
Brandon	Oliver
Virginia	McLean
Leah	Lambert
Una	Jackson
Rachel	Knox
Molly	Clarkson
Stephanie	Davidson
Victor	Ball
Julia	Allan
Faith	Nolan
Yvonne	Burgess
Joanne	Hardacre
Yvonne	Davidson
Nicholas	Parr
Angela	Pullman
Thomas	Terry
Madeleine	Miller
Nathan	Nolan
Sally	Jackson
Ava	Walker
Anna	Avery
Gavin	Scott
Dylan	Wilkins
Una	Alsop
Sebastian	King
Maria	Stewart
Grace	Powell
Lily	Chapman
Anna	Sharp
Anna	Mills
Boris	Marshall
Amanda	Duncan
Oliver	Metcalfe
Wendy	Terry
Katherine	Grant
Oliver	Marshall
Stephanie	Black
Jacob	Allan
Julia	Morgan
Diane	Peake
Gordon	Kerr
Carolyn	Avery
Audrey	Oliver
Thomas	Rees
Neil	May
David	Morgan
Benjamin	Lambert
Ruth	Manning
Andrea	Jones
Adam	Tucker
Katherine	Dickens
Neil	Cornish
Peter	Paterson
James	Turner
Sophie	Welch
Phil	Clarkson
Rachel	Ince
Sonia	Smith
Audrey	Murray
Anne	Gibson
Lucas	Butler
Gabrielle	Wright
Jessica	Arnold
Maria	Wright
Karen	Coleman
Ella	Manning
Robert	King
Eric	Carr
Nicola	Dowd
Connor	Turner
Una	Coleman
Lily	Pullman
Amelia	Allan
Molly	Grant
Joshua	Martin
Amanda	Ball
Theresa	Mackay
Sarah	Gibson
Victoria	Young
Donna	Baker
Christian	Burgess
Justin	Skinner
Michelle	Mitchell
Angela	Turner
Stephen	Fraser
Robert	Parr
Kimberly	North
Alexandra	Watson
Jason	Coleman
Anne	McGrath
Owen	Newman
Sonia	Pullman
Sonia	Wallace
Evan	Edmunds
Joan	Hudson
Liam	Hudson
Joe	Rutherford
Phil	Davidson
Max	Lewis
Rebecca	Duncan
Paul	Payne
Jason	Bond
Sally	Allan
Liam	Nolan
Joseph	Berry
Neil	Carr
Irene	Hart
Stewart	Coleman
Adrian	Thomson
Piers	Thomson
Eric	Kelly
Una	Vance
Yvonne	Allan
Charles	Clark
Jonathan	Davidson
Hannah	Black
Trevor	Morrison
Rachel	Hamilton
Anthony	Carr
Christopher	Simpson
Owen	Hamilton
Gordon	Smith
Jonathan	Short
Anne	North
Julian	Davidson
Nathan	Alsop
Stephanie	Baker
Ruth	Cameron
Lisa	Russell
Alan	Piper
Ian	Dickens
Austin	Knox
Sonia	Langdon
Trevor	Turner
Olivia	Terry
Sophie	Quinn
Harry	Arnold
Una	Young
Paul	Paige
Jennifer	Payne
Virginia	Stewart
Frank	Murray
Hannah	King
Owen	Mitchell
Chloe	McGrath
Nicola	Oliver
Jan	Metcalfe
Luke	Berry
Cameron	Manning
Victor	Glover
Bernadette	Martin
Connor	Ball
James	Johnston
Gordon	McLean
Dylan	Lyman
Rachel	Campbell
Jacob	Anderson
Ava	Thomson
Ruth	MacDonald
Leonard	Lyman
Sophie	Ogden
Nathan	Murray
Edward	Bond
Lauren	Chapman
Vanessa	Sanderson
Adrian	Paterson
Joan	McGrath
Angela	Peters
Phil	Bailey
Gordon	Ince
Theresa	Manning
Isaac	Russell
Lisa	Mills
Peter	Walsh
Sebastian	Dickens
Frank	North
Madeleine	Edmunds
Adam	Piper
Bernadette	McLean
Tracey	Jackson
Rachel	Payne
Samantha	Roberts
David	Alsop
Grace	Butler
Sebastian	Kelly
Stewart	Stewart
Connor	Roberts
Julia	Hodges
Wanda	Coleman
Dorothy	North
Keith	McLean
Wanda	Baker
Theresa	Payne
Nathan	Chapman
Jessica	Martin
Victor	Miller
Carolyn	Taylor
Lisa	May
Isaac	Knox
Colin	Dowd
Christian	Alsop
Brandon	Campbell
Natalie	Blake
Blake	Murray
Gabrielle	Hemmings
Emily	MacLeod
Michelle	Terry
Angela	Rutherford
Thomas	Skinner
Penelope	Chapman
Phil	Watson
Gabrielle	Clarkson
Pippa	Grant
Ella	Ball
Andrea	Carr
Sarah	Tucker
Richard	Thomson
Joshua	Coleman
Justin	Chapman
Christian	Powell
Nicola	Hart
Anthony	Jackson
Wendy	Chapman
Angela	Terry
Jacob	Duncan
Joseph	Forsyth
Elizabeth	King
Michelle	Morgan
Justin	Dowd
Leonard	Nolan
Gabrielle	Lee
Carol	Cameron
Nathan	Anderson
Jasmine	Hamilton
Jake	Ferguson
Benjamin	Mills
Alexander	Kelly
Gavin	Randall
Rachel	Jackson
Nathan	McDonald
Una	Murray
Edward	Churchill
Adam	Abraham
Jonathan	Peake
Victoria	Gray
Amelia	Dowd
Julian	Hughes
Brian	Bond
Wanda	Gill
Richard	Sharp
Vanessa	Fraser
Carolyn	Arnold
Pippa	Henderson
Amy	Chapman
Peter	Young
Jasmine	Hunter
Emma	Turner
Stewart	Russell
Natalie	Forsyth
Nicholas	Turner
Felicity	Brown
Wendy	North
Anna	Smith
Thomas	Roberts
Alan	Dickens
Jason	Dowd
Adrian	Peake
Jessica	McDonald
Samantha	Henderson
Frank	Clark
Sean	Young
Robert	Oliver
Penelope	Hemmings
Maria	Martin
Justin	Johnston
Jacob	Rutherford
Warren	Nash
Christian	Walsh
Dorothy	Tucker
Diana	Rampling
Audrey	Poole
William	Wilson
Andrea	Henderson
Chloe	Bower
Joanne	Turner
Blake	McLean
Harry	Duncan
Sue	Edmunds
Leonard	Miller
Tim	Hudson
Anne	Underwood
David	Rutherford
Karen	Jackson
Melanie	Buckland
Zoe	Welch
Ella	Underwood
Sebastian	Abraham
Phil	Lambert
Lillian	Gray
Ava	Mackay
Mary	Underwood
Carolyn	Mathis
Austin	Lawrence
Charles	Lee
Ian	Ball
Ella	Duncan
Eric	Rees
Bella	Jackson
Victoria	Manning
Trevor	MacDonald
Amelia	Rutherford
Molly	Taylor
Sam	Dickens
Piers	Sharp
Blake	Dyer
Simon	Hodges
Warren	Manning
Phil	Mackenzie
Joan	Miller
Sarah	Graham
Jacob	Martin
Adam	Manning
Simon	May
Michael	Kelly
Justin	Coleman
Penelope	James
Jasmine	Gray
Michelle	Mackenzie
Frank	Simpson
Michelle	Metcalfe
Peter	Dickens
Olivia	Baker
Alexander	Clark
Kevin	Reid
Amy	Quinn
Una	Lewis
Amy	Bower
Victor	Reid
Nicholas	Payne
Julian	Marshall
Adam	Chapman
David	Kelly
Trevor	Marshall
Dorothy	Russell
Andrew	Abraham
Abigail	Taylor
Lisa	Mackay
Dan	Kerr
Jan	King
Lily	Randall
Max	Black
Trevor	Brown
Sean	Hemmings
Maria	Graham
Amanda	Edmunds
Wanda	Clark
Brian	Young
Donna	Morgan
Zoe	Poole
Cameron	Underwood
Austin	Marshall
Dan	Bower
Austin	Fraser
Charles	Nolan
David	Lewis
Christian	Poole
Lily	Morgan
Kylie	Kelly
Emma	Gray
Jan	Underwood
Bella	Mackenzie
Michelle	James
Michelle	Rampling
Kylie	May
Anne	Morgan
Evan	Wilson
Carolyn	Morrison
Gavin	Slater
Isaac	Ogden
Amelia	Murray
Dominic	Parsons
Jack	Rees
Cameron	Parsons
Justin	Abraham
Emma	Alsop
Oliver	Bond
Richard	Young
Boris	Short
Dorothy	Blake
Julia	McGrath
Frank	Edmunds
Chloe	Hemmings
Steven	Mathis
Anthony	Paterson
Max	Wright
Joan	Sanderson
Cameron	Lee
Jacob	Johnston
Jacob	Forsyth
Neil	Ross
Alison	Graham
Tim	Walsh
Cameron	Burgess
Alan	Arnold
Brandon	MacDonald
Sophie	Cornish
Gavin	Murray
Phil	Metcalfe
Lauren	Rutherford
Benjamin	Knox
Alexander	Wilson
Evan	Cameron
Alexander	Hill
Emily	Manning
Joshua	Abraham
Dan	Nash
Deirdre	Hart
Chloe	Scott
Emma	Quinn
Piers	Campbell
Sue	Carr
Jacob	Fraser
Trevor	Langdon
Gavin	Baker
Dominic	Ince
Diana	Randall
Nicola	Chapman
Piers	Roberts
Amelia	Jackson
Samantha	Wilkins
Kevin	Wallace
Julia	Langdon
Trevor	Duncan
Vanessa	Kerr
Audrey	Miller
Anna	Murray
Gavin	Pullman
Molly	Churchill
Piers	Cornish
Deirdre	Johnston
Dominic	Lewis
Sebastian	Vance
Carolyn	Roberts
Katherine	Lambert
Molly	Dowd
Jane	Pullman
Jack	Terry
Dylan	Campbell
Kimberly	Hart
Joshua	Mackenzie
Lucas	Peters
Frank	White
Sue	Dyer
Joseph	Burgess
Melanie	MacDonald
Diane	Fraser
Colin	Robertson
Faith	May
Carol	Graham
Neil	Vaughan
Cameron	Davies
Tim	Lee
Oliver	Ross
Connor	Mitchell
Chloe	Arnold
Charles	Underwood
Fiona	Manning
Anna	Abraham
Vanessa	Lyman
Sophie	Fraser
Edward	Hart
Jason	McLean
Dan	Wright
Yvonne	Marshall
Donna	Lawrence
Victoria	Langdon
Michael	Lewis
Austin	Gray
Owen	Fisher
Rose	Murray
Michelle	Mills
Emily	Springer
Megan	Newman
Emily	Ball
Christian	Buckland
Rachel	North
Eric	McLean
Claire	Taylor
Harry	Clark
Chloe	Thomson
Lily	Rees
Joan	Lambert
Jake	Thomson
Boris	McGrath
Donna	Hamilton
Lucas	Bond
Lucas	Mathis
Chloe	Brown
Dan	Quinn
Brandon	Quinn
Christopher	Buckland
Richard	Reid
Joseph	Scott
Megan	Parsons
Alexandra	Robertson
Lisa	Lawrence
Justin	Duncan
Stewart	James
Peter	Manning
Luke	Short
Megan	Vaughan
Alexandra	Cornish
Piers	Johnston
Amy	Bell
Abigail	Newman
Tim	Sharp
Irene	Bond
Hannah	Hart
Zoe	Jones
Carl	Greene
Emily	Peters
Brandon	Burgess
Isaac	Vaughan
Lily	Churchill
Luke	Gill
Tim	Clarkson
Carol	Quinn
Penelope	Allan
Hannah	Dickens
Ryan	Rutherford
Eric	Blake
Benjamin	Mackay
Zoe	Black
Richard	Hamilton
Claire	Poole
Steven	Hunter
Chloe	Payne
Leonard	Rutherford
Sean	Robertson
Irene	Rees
Alexander	Parr
Abigail	Anderson
Carolyn	Hamilton
Mary	Poole
Sally	Hemmings
Rachel	Dickens
Robert	Newman
Natalie	Mackay
Christian	Churchill
Faith	Anderson
Lucas	Pullman
Julia	Randall
Boris	Ince
Emily	Gill
Ella	Rees
Jason	Lee
Maria	Powell
Ian	Hughes
Benjamin	Cornish
Brandon	Greene
Andrea	Brown
Stephen	Morgan
Christian	Skinner
Richard	Nash
Sally	Ferguson
Sally	Nash
Dominic	Bell
Christopher	Oliver
Wendy	Howard
Simon	Buckland
Victor	Howard
Jan	Lyman
Sarah	Davidson
Carl	Kerr
Andrew	Walsh
Megan	Piper
Piers	Jones
Amelia	Metcalfe
Deirdre	Burgess
Jonathan	Gill
Evan	Chapman
Victor	Nolan
Gordon	Ogden
Julian	Gill
Carol	Hardacre
Kimberly	Welch
Virginia	Lawrence
William	Baker
Gabrielle	Dickens
Steven	Glover
Maria	Edmunds
Austin	Wright
Harry	Peters
Matt	Berry
Caroline	Vance
Jason	Hodges
Natalie	Powell
Yvonne	Miller
Maria	Alsop
Jacob	Jones
Frank	Harris
Peter	James
Anna	Wallace
Samantha	Davies
Jan	MacDonald
Carol	Bell
Oliver	Gibson
Julia	Vaughan
Una	Sanderson
Lily	Duncan
Diane	Lee
Rose	Skinner
Austin	Pullman
Boris	Young
Lucas	Wright
Theresa	MacDonald
Carolyn	James
Simon	Simpson
Joe	Wilkins
Lucas	Glover
Liam	Murray
Rachel	Metcalfe
Ava	Jackson
Adrian	Churchill
Gordon	Turner
Gavin	Smith
Leah	Hart
Katherine	Murray
Sophie	Bailey
Angela	Ogden
Una	Langdon
Diane	Watson
Sebastian	Oliver
Maria	Ellison
Virginia	Vance
Jasmine	Piper
Oliver	Dickens
Mary	Davidson
Alison	Greene
Irene	King
Tracey	Bond
Luke	Skinner
Charles	Arnold
Jason	Paterson
Madeleine	Cameron
Richard	Burgess
Christian	Hodges
Christopher	Walker
Una	McLean
Jake	Wilson
Neil	Johnston
James	Wallace
Tim	Poole
Alison	Lewis
Joe	Buckland
Dominic	Dyer
Audrey	Cameron
Jane	Dowd
Joshua	Hardacre
Hannah	Nolan
Alison	Randall
Joan	Ince
Andrea	Ball
John	Forsyth
Christopher	Murray
Nicholas	Hemmings
Lauren	Thomson
Stephanie	Ogden
Dan	Brown
Fiona	Rutherford
Faith	Roberts
Victoria	Greene
Alison	Sanderson
Adam	Arnold
Joe	Berry
Adrian	King
Chloe	Quinn
Lily	Dowd
Wanda	Slater
Joe	Vance
Tracey	Rampling
John	Anderson
Vanessa	Lawrence
Christian	MacLeod
Katherine	Poole
Faith	Davidson
Harry	Walsh
Sophie	Lambert
Dan	Harris
Victoria	Sanderson
Sarah	Avery
Benjamin	King
Lauren	Ellison
Chloe	Lee
Diane	Robertson
Evan	Lewis
Dorothy	Turner
Adam	Terry
Jack	Short
Madeleine	Peake
Joanne	Arnold
Tim	Lewis
Sue	May
Nicholas	Paige
Peter	Scott
Jessica	Fisher
Alison	Grant
Justin	Hunter
Stewart	Sharp
Tracey	Peake
Grace	Robertson
Jacob	Bailey
John	Oliver
Victoria	Campbell
Emma	Ferguson
Jonathan	Young
Yvonne	Peters
Julian	Avery
Theresa	Johnston
Benjamin	Sanderson
Faith	Martin
Alexander	Kerr
Anna	Alsop
David	Bond
Una	Miller
Peter	Baker
Sonia	Sanderson
Liam	Graham
Zoe	Harris
Virginia	Morgan
Matt	Greene
Nicholas	McGrath
Jason	Ferguson
Dorothy	Hamilton
Jan	Walsh
Rebecca	Hill
Joanne	Henderson
Lisa	Terry
Isaac	Duncan
Matt	Lambert
Brandon	Slater
Emma	Lambert
Madeleine	Oliver
Megan	Mills
Samantha	Paige
Austin	Nolan
Keith	Clark
Katherine	Vance
Jan	Wilson
Jason	Henderson
Jacob	Lyman
Adrian	Kelly
Sue	Poole
Joe	Glover
Jan	Vaughan
Joan	Greene
Zoe	Gill
Stewart	May
Olivia	Jackson
Nicola	Davidson
Evan	Hill
Kevin	MacLeod
Penelope	Avery
Paul	Hart
Deirdre	Buckland
Peter	Roberts
Michael	Powell
Dylan	Walker
Virginia	Fraser
Max	Taylor
Christopher	Wilkins
Thomas	Lambert
Sebastian	Buckland
Keith	McDonald
Rebecca	Butler
Nathan	Kerr
Joanne	Martin
Carolyn	Dyer
Rachel	Henderson
Lauren	Harris
Julia	Sutherland
Caroline	Short
Alexander	Bell
Anthony	Rees
Sonia	Rees
Boris	Dyer
Yvonne	Bailey
Maria	Hunter
Sophie	Chapman
Paul	Sanderson
Thomas	Quinn
Kimberly	Mitchell
Ruth	Henderson
Melanie	Hodges
Megan	King
Rose	Sutherland
Zoe	Hamilton
Grace	Anderson
Cameron	Quinn
Emily	Hughes
Ava	Duncan
Matt	Manning
Lauren	Cameron
Gavin	Springer
Victoria	Dickens
Virginia	Parsons
James	Young
Charles	Paterson
William	Lawrence
Gordon	Buckland
Donna	Rampling
Warren	Graham
Sophie	Metcalfe
Julian	Ferguson
Andrew	Forsyth
Alexandra	Piper
Jan	Wallace
Anthony	Martin
Julian	Manning
Boris	Mackay
Kylie	Parsons
Wanda	White
Diana	Morgan
Donna	Scott
Sue	Newman
Jennifer	Rampling
Adam	Reid
Leah	Rampling
Victor	Paterson
Cameron	Hart
Rebecca	Wallace
Jake	Wright
Melanie	Glover
Chloe	Parr
Jonathan	Hodges
Yvonne	Nolan
Neil	Fisher
Stephanie	Nolan
James	Mackenzie
Melanie	Hill
Julian	Hudson
Edward	Nolan
Grace	Graham
Carolyn	Knox
James	Watson
Jonathan	Metcalfe
Audrey	Buckland
Diane	Avery
Ruth	Berry
Andrew	Graham
Samantha	Glover
Rose	Morrison
Samantha	Avery
Natalie	Lewis
Abigail	Marshall
Brian	Duncan
Tim	Robertson
Kevin	Brown
Nicola	Berry
Ella	Parsons
Katherine	Turner
Phil	Morgan
Victor	MacLeod
Yvonne	Clarkson
William	Clark
Rebecca	Rutherford
William	Forsyth
Diana	Johnston
Julian	Jackson
Lillian	Mackay
Madeleine	Allan
Anne	Alsop
Dorothy	Harris
Diane	Young
Ryan	Wright
Jacob	Peake
Brandon	Hodges
Jason	Metcalfe
Tim	North
Olivia	Robertson
Adam	Watson
Sam	Hodges
Sue	Fisher
Jacob	Vaughan
Ella	Arnold
Wanda	Langdon
Max	Alsop
Sebastian	Mackay
Angela	Glover
Jason	Wilkins
Colin	Payne
Paul	Underwood
Colin	Lambert
Lucas	Lambert
Virginia	Arnold
Lillian	Sanderson
Colin	Gray
Sam	McDonald
Sam	Lyman
Angela	Cornish
Jasmine	Miller
Andrew	Wilson
Olivia	Martin
Connor	Gibson
Amy	Glover
Angela	Paige
Chloe	Grant
Lucas	Rampling
Christopher	Lawrence
Alan	Sutherland
Natalie	Ince
Colin	Bailey
Matt	Dowd
Amelia	Rees
Kevin	Short
Fiona	Ellison
Hannah	Cameron
Julian	Harris
Carl	Dickens
Michelle	Pullman
Charles	Davies
Frank	Russell
Nicola	Skinner
Liam	Baker
Jason	Skinner
Anne	Ince
Virginia	McDonald
Richard	Graham
Lillian	Simpson
Abigail	Metcalfe
Warren	Piper
Trevor	Slater
Donna	Mackay
Lucas	Gill
Jacob	MacDonald
Boris	Johnston
Kevin	Arnold
Jonathan	Walsh
Ella	Langdon
Lily	Paterson
Lauren	Morgan
Joanne	Vaughan
Melanie	Hunter
Isaac	Buckland
Isaac	Clark
Joe	Avery
Leah	Bell
Nathan	Brown
Paul	Dyer
Zoe	Jackson
Penelope	Campbell
Robert	Piper
Ella	Mitchell
Maria	Sharp
Simon	Vaughan
Steven	Peake
Molly	Lee
Lucas	Underwood
Steven	Wright
Natalie	Berry
Pippa	Hughes
Max	Harris
Theresa	Ross
Edward	Hodges
Simon	Mackay
Jan	Peters
Pippa	Vance
Emily	Blake
Adrian	Pullman
Caroline	Bower
David	Manning
Piers	MacLeod
Carl	Newman
Carolyn	Terry
Chloe	Bell
Carl	Coleman
Audrey	Simpson
Deirdre	North
Abigail	Butler
Rebecca	Fraser
Neil	Watson
Bella	Dyer
Lily	Knox
Justin	Kerr
Dorothy	Roberts
Theresa	Butler
Joan	Graham
Donna	Reid
Jack	Oliver
Lily	Buckland
Carol	Smith
Luke	Wilkins
Yvonne	Dyer
Austin	Ball
Molly	Davies
Zoe	Wallace
Donna	Fraser
Jane	Black
Julian	Duncan
Alan	Jackson
Joshua	Vance
Alan	Springer
Paul	Wilkins
Simon	Wilson
Nicola	Buckland
Liam	Greene
Diana	Dowd
Fiona	Howard
Jacob	Davidson
Ruth	Hodges
Jasmine	Davidson
Lauren	Smith
Colin	Sutherland
Michelle	Cameron
Adrian	Hunter
Megan	Allan
Ian	Ross
Trevor	Parsons
Samantha	Bell
Diane	MacDonald
Blake	Ferguson
Steven	MacLeod
Robert	Morrison
Chloe	Nash
Alexandra	Mackenzie
Frank	Piper
Joanne	Lyman
Jonathan	Mackay
Donna	Nash
Justin	Mathis
Caroline	Sanderson
Liam	Lawrence
Brandon	Martin
Nicola	Walsh
Rebecca	Simpson
Paul	Turner
Neil	Gray
Alexander	Scott
Natalie	Nolan
Harry	Churchill
Ian	Skinner
Anthony	Davies
Kevin	Alsop
Wendy	King
Katherine	May
Ryan	Bailey
Virginia	Miller
Peter	MacLeod
Lucas	Cameron
Adam	Dyer
Amelia	Dyer
Abigail	Robertson
Stewart	Wallace
Megan	Davidson
Karen	Kerr
Angela	Jackson
Heather	Duncan
Piers	Kelly
Wendy	Bower
Yvonne	Hughes
Oliver	Newman
John	Baker
Grace	Vaughan
Leah	Quinn
Brandon	Allan
Ian	Oliver
Megan	Hodges
Carolyn	Allan
Oliver	Dowd
Elizabeth	Lawrence
Julia	McLean
Irene	Welch
Tracey	Hamilton
Blake	Ogden
Kylie	Poole
Audrey	Nolan
Carl	Black
Amy	Wallace
Neil	Miller
Rebecca	MacLeod
Anthony	Manning
Andrea	MacLeod
Olivia	Graham
Wendy	Ball
Ava	Kelly
Warren	Cornish
Benjamin	Fisher
Jack	Poole
Evan	Pullman
Dan	Kelly
Frank	Cameron
Isaac	Churchill
Richard	Bell
Gordon	Berry
Jasmine	James
Adrian	Forsyth
Evan	Hudson
Kylie	Mackenzie
Owen	Peters
Frank	Greene
Stephanie	Clarkson
Donna	Johnston
Sally	Martin
Lisa	Avery
William	Alsop
William	Parsons
Lisa	Buckland
John	Carr
Lisa	Bailey
Diana	Howard
Zoe	Bower
Irene	Paige
Olivia	Cameron
Wendy	Peters
Andrew	Bailey
Richard	Brown
Piers	Hill
Samantha	Hunter
Hannah	Walker
Austin	Smith
Matt	Vaughan
Hannah	Ball
Christopher	Morrison
Olivia	Abraham
Emily	Ince
Bernadette	Avery
David	Hunter
Isaac	Lambert
Donna	Payne
Lucas	Rutherford
Jan	Marshall
Audrey	Peters
Virginia	Poole
Alexandra	Vaughan
Theresa	Ferguson
Jan	Gill
Rose	Morgan
Jake	Anderson
Carl	Clark
Angela	Allan
Kylie	Hodges
Adam	Buckland
Gabrielle	Vaughan
Stewart	MacLeod
Jacob	McDonald
Kevin	Grant
Paul	Clark
Pippa	Skinner
Ava	Simpson
Warren	Lee
Colin	White
Christian	Johnston
Megan	Jones
Diana	Robertson
Mary	Knox
Stephen	Hill
Carolyn	Simpson
Alan	Lambert
Jennifer	Martin
Oliver	Berry
Adam	Ross
William	Peake
Caroline	Parsons
Boris	Morgan
Jessica	Paige
Jacob	Dowd
Peter	Fisher
Alison	Cornish
Christian	Roberts
Boris	Smith
Madeleine	Black
Sean	Avery
Lucas	Bailey
Piers	Fisher
Jake	McGrath
Gavin	Kelly
Alison	Campbell
Emma	McGrath
Fiona	Roberts
Lillian	Paige
Stephanie	Lawrence
Charles	Lewis
Blake	Sanderson
Diane	Churchill
Joe	Duncan
Christopher	Taylor
Jacob	Randall
Stephanie	Ross
Joan	Glover
Joe	White
Gabrielle	Bailey
Michael	Allan
Penelope	Terry
Sam	Vance
Melanie	Ogden
Rose	Langdon
Alexander	Baker
Blake	Mitchell
Rachel	Greene
Boris	King
Lillian	Black
Brandon	Wilkins
Austin	Miller
Irene	Carr
Evan	Sharp
Stephanie	Hughes
Karen	Scott
Carolyn	Bell
Brian	Reid
Luke	Peters
Oliver	Wright
Mary	Nash
Christopher	Metcalfe
Piers	Russell
Jason	Brown
Nicola	Rees
John	Sharp
Karen	Walker
John	Ross
Wanda	Knox
Stephen	Vaughan
Nathan	Martin
Stephanie	Ferguson
Christian	Dickens
Penelope	Lyman
Amanda	Fraser
Yvonne	Welch
Karen	North
Donna	Abraham
Bernadette	Ogden
Connor	Dowd
Cameron	Pullman
Joe	Ellison
Gordon	Allan
Karen	Pullman
Neil	Bond
Michelle	Berry
Sarah	Ferguson
Wanda	Forsyth
Simon	Watson
Deirdre	Scott
Connor	MacLeod
Pippa	Mathis
Carolyn	Glover
Claire	Davies
Audrey	Bond
Gordon	Kelly
Megan	Lambert
Thomas	Graham
Amelia	Coleman
Melanie	Lambert
Lillian	Hemmings
Julian	Mathis
Sarah	Taylor
William	Poole
Thomas	Hudson
Gabrielle	Dowd
Jack	King
Donna	Graham
Joan	Bell
Austin	Springer
Lillian	Hodges
Connor	Quinn
Keith	Kelly
Gordon	Lewis
Molly	Blake
Alexandra	Cameron
Steven	Morrison
Sean	Graham
Nathan	Roberts
Jonathan	Alsop
Sophie	Hardacre
Abigail	Hughes
Alexander	Pullman
James	Oliver
Mary	Vaughan
Deirdre	Morrison
Steven	Hill
Lily	Hamilton
Claire	Lambert
Jake	Black
Madeleine	Ogden
Jack	Dyer
Peter	Simpson
Jake	Johnston
Gordon	Bell
Michelle	MacLeod
Una	Churchill
David	Clarkson
Andrew	Johnston
Jason	McGrath
Piers	Peake
Wendy	Dyer
Luke	May
Liam	Mackenzie
Dorothy	Carr
Caroline	Hill
Adam	White
Andrew	Mackenzie
Michelle	Dowd
Warren	Hamilton
Gabrielle	Mathis
Rose	Baker
Gabrielle	Hart
Nicola	Wilkins
Carolyn	Quinn
Bernadette	Forsyth
Sue	McDonald
Wanda	Thomson
Mary	Alsop
Donna	Knox
Neil	Mackenzie
Charles	Hodges
Jennifer	Gray
Trevor	Forsyth
Piers	Vance
Elizabeth	Davidson
Faith	Kelly
William	Ball
Anthony	Nolan
Julia	Rampling
Joanne	Carr
Owen	Simpson
Victoria	Tucker
Deirdre	Grant
Owen	Bailey
Joshua	Wilkins
Blake	Ball
Christian	Murray
Benjamin	Hodges
Audrey	Lewis
Tracey	Allan
Zoe	Knox
Thomas	Ellison
Benjamin	Ball
Cameron	Sanderson
Ella	Short
Melanie	Tucker
Warren	Ellison
Tim	Ball
Amanda	North
Diana	Tucker
Chloe	Simpson
Alison	Murray
Luke	Hemmings
Julian	Allan
Lauren	Vaughan
David	Scott
Madeleine	North
Paul	Glover
Lisa	Kerr
Gordon	Powell
Amy	Rees
Caroline	Rees
Ruth	Gibson
Frank	Young
Nathan	Paterson
Sean	Forsyth
Felicity	Johnston
Kylie	Sanderson
Justin	Morgan
Madeleine	Welch
Julia	MacLeod
Alan	Campbell
Brian	Morrison
Mary	Grant
Colin	Hill
Kevin	Gibson
Anthony	Parr
Emma	Clarkson
Edward	Dickens
Gabrielle	Fisher
Rebecca	Abraham
Tracey	Clark
Lily	Russell
Christopher	Jones
Amy	Henderson
Julian	McDonald
Harry	Kerr
Samantha	James
Stephen	Lee
Sam	Harris
Eric	Hill
Julia	Ogden
Angela	Davidson
Harry	Mackay
Sebastian	Kerr
Kevin	Hardacre
Austin	Short
Oliver	May
Dorothy	King
Carl	Pullman
Natalie	Smith
Faith	Clarkson
Dominic	Jackson
Eric	Glover
Ava	Gray
Anne	Wallace
Hannah	Dowd
Thomas	Short
Dan	Piper
William	Mitchell
Liam	Nash
Wendy	Murray
Stephen	Skinner
Adam	Nolan
Rose	Ferguson
Victor	Morrison
Stephen	May
Carl	Walsh
Melanie	Sanderson
Madeleine	Bailey
Nathan	Mitchell
Sophie	Greene
Lillian	Bower
Isaac	Skinner
Jake	Wallace
Michael	Randall
Amanda	Oliver
Hannah	Dyer
Diana	Henderson
Connor	Rutherford
Cameron	Payne
Elizabeth	Jackson
Rose	Hughes
Peter	Sanderson
John	Underwood
Dan	Alsop
Julian	Wallace
Jasmine	Mackenzie
Sarah	Lee
Jennifer	Hardacre
Gabrielle	Graham
Connor	Bell
Yvonne	Scott
Ava	Dyer
Benjamin	Hunter
Theresa	Hill
Owen	Rampling
Gabrielle	Abraham
Alexandra	Avery
Stewart	Hudson
Simon	Pullman
Carolyn	Graham
Madeleine	Grant
Pippa	Robertson
Maria	Jones
Sonia	Harris
Joshua	Cornish
Brandon	Sanderson
Claire	Lewis
Evan	Kelly
Ryan	Metcalfe
Sonia	Hemmings
Neil	Morrison
Caroline	Piper
James	Hunter
Joshua	Greene
Brian	Smith
Lily	Brown
Warren	Young
Brandon	Poole
Lauren	Dickens
Theresa	Newman
Deirdre	Manning
Andrea	Hart
Justin	Hudson
Madeleine	Howard
Simon	Gill
Alexandra	Johnston
Sally	Hunter
Wendy	Greene
Ruth	Mills
Frank	Scott
Dylan	Lewis
Fiona	Knox
Caroline	Chapman
Warren	MacLeod
Irene	Blake
Katherine	Avery
Luke	Lawrence
Donna	Jackson
Lauren	Wallace
Jasmine	Taylor
Emily	Ellison
Tim	Dickens
Ryan	Morgan
Karen	Young
David	Sharp
James	Quinn
Jason	Young
Anne	Vance
Jacob	Piper
Mary	Buckland
Karen	Sutherland
Jonathan	Allan
Yvonne	Mitchell
Diana	Hart
Una	Hughes
Dylan	MacDonald
Jacob	Bower
Molly	Ferguson
Kimberly	Watson
Stewart	Ince
Cameron	Roberts
Nathan	Hodges
Eric	Newman
Jan	Mitchell
Justin	Payne
Mary	Sharp
Edward	Kelly
Austin	Terry
Michael	Hemmings
Irene	Hemmings
Claire	McDonald
Blake	Paige
Virginia	White
Stephanie	Davies
Brandon	Robertson
Anthony	Sutherland
Dylan	Gill
Richard	Mills
Natalie	North
Julia	King
Frank	Dyer
Steven	Mitchell
Joshua	Sharp
Michael	Grant
Samantha	Wilson
Blake	Metcalfe
Grace	Hudson
Sebastian	Howard
Joshua	Kelly
Anthony	North
Simon	Ince
Diana	Fraser
Ruth	Piper
Luke	Allan
Luke	James
Diana	Russell
Nicola	Abraham
Audrey	Arnold
Tracey	Berry
Donna	Lyman
Harry	Paterson
Fiona	Hamilton
Luke	Manning
Max	Hughes
Jasmine	Bailey
Dylan	North
Christian	Anderson
Tracey	Morgan
Joshua	James
Bernadette	Howard
Owen	Turner
William	Roberts
Brian	Russell
Emily	Parr
Nicola	Avery
Bernadette	Edmunds
Lauren	Young
Bernadette	Wilkins
Adrian	May
Tim	Fisher
Victoria	Kelly
Liam	Harris
Isaac	Wright
Faith	Ball
Joshua	Henderson
Phil	Bower
Oliver	Knox
Sean	Bell
Jan	Davies
Piers	Ellison
Bella	Gray
Lillian	Lyman
John	Jackson
Nicola	Forsyth
Lauren	Terry
Ryan	White
Phil	Miller
Victoria	Johnston
Kevin	Ince
Nicholas	Lee
Piers	Simpson
Samantha	Walsh
Rose	Slater
Harry	Ogden
Nicholas	Rutherford
Max	Hardacre
Connor	Hardacre
Keith	Randall
Gordon	Newman
Max	Nolan
Michael	Mackenzie
Sam	Hart
Nicholas	MacLeod
Ava	Edmunds
Emma	Glover
Jennifer	Coleman
Megan	Robertson
Carl	Gibson
Luke	Langdon
Brian	Martin
Stewart	Randall
Olivia	Lee
Virginia	Tucker
Sarah	Burgess
Alison	Roberts
Adam	Hill
Carl	Fraser
Charles	Vaughan
Richard	Parr
Gavin	James
Simon	Dickens
Sonia	Howard
Sebastian	Carr
Connor	Stewart
Megan	Bailey
Connor	Young
Tracey	Sanderson
Carol	Alsop
Jane	Poole
Simon	Springer
Stewart	Bell
Stephen	Forsyth
Rachel	Murray
Lily	Mackay
Carol	Martin
Brandon	Harris
Stephen	Duncan
Kimberly	Hill
Alexander	Cornish
Jan	Avery
Carl	Graham
Yvonne	Campbell
Brian	MacLeod
Caroline	Dowd
Stephanie	Hamilton
Keith	King
Yvonne	Duncan
Bernadette	Watson
Liam	Fisher
Sophie	Wilson
Dan	Burgess
Wendy	Bell
Sonia	Burgess
Alan	Dowd
Irene	Nolan
Ian	Avery
Joshua	Lyman
Lisa	Johnston
Gavin	Hunter
Victor	Cornish
Stewart	Arnold
Isaac	Miller
Elizabeth	Duncan
Joan	Kelly
Kylie	Smith
Edward	Henderson
Trevor	Allan
Alan	Henderson
Michael	Avery
Joan	Martin
Blake	Butler
Lauren	Murray
Simon	Henderson
Keith	Marshall
Jan	Ferguson
Andrea	Russell
Sarah	Robertson
Paul	Vaughan
Natalie	Springer
Eric	Walsh
Jack	Pullman
Penelope	Bell
Alan	Bailey
Emily	Churchill
Charles	Blake
Joe	Robertson
Anthony	Smith
Edward	Hamilton
Angela	North
Yvonne	Watson
Robert	Hardacre
Max	Walker
Natalie	Davidson
Amelia	Carr
Kylie	Rampling
Grace	Abraham
Una	Hamilton
Christopher	Paige
John	Cornish
Alan	Mills
Sebastian	Robertson
Anne	Wilkins
Maria	Fisher
Steven	Murray
Alexandra	Ferguson
Gabrielle	White
Dylan	Abraham
Adrian	Campbell
Justin	Ferguson
Oliver	Rees
Wanda	Nolan
Thomas	White
Tracey	Sharp
Sarah	Reid
Heather	Cameron
Hannah	Young
Sue	Lawrence
Liam	Buckland
Gabrielle	Russell
Jacob	Kelly
Lillian	Wright
Austin	Nash
Austin	McLean
Lillian	Terry
Charles	Cornish
Neil	Henderson
Jan	Johnston
Isaac	Hart
Phil	Duncan
Claire	Vaughan
Connor	Sanderson
Lauren	Black
Christian	Wilson
Stewart	Powell
Victoria	Stewart
Nicola	Lyman
Sarah	Nolan
Isaac	Martin
Jonathan	Hart
Vanessa	Stewart
Dorothy	Terry
Mary	Davies
Jan	Rutherford
Irene	Roberts
Dominic	Howard
Colin	Ogden
Abigail	Dickens
Phil	Hart
Melanie	Hudson
Nicola	Springer
Yvonne	Peake
Kylie	Parr
Maria	Quinn
Ian	Stewart
Max	Fisher
Adrian	Rees
Christian	Dowd
Adam	Rampling
Victoria	Ross
Steven	Gill
Jan	Manning
Molly	Gray
Boris	North
Samantha	White
Christian	Simpson
Rachel	Black
Christopher	Hill
Jack	Peake
Megan	Lawrence
Tim	Dyer
Sam	Hemmings
Warren	Fraser
Kevin	Hamilton
Thomas	Thomson
Oliver	MacDonald
Simon	Coleman
Stephen	Ferguson
Andrew	Wallace
Caroline	Lawrence
Natalie	Vaughan
Wanda	Paterson
Abigail	Turner
Emma	Ellison
Stephen	Jackson
Benjamin	Morrison
Edward	Wallace
William	Kerr
Nathan	Welch
Eric	Ogden
Lucas	Dyer
Pippa	MacDonald
Lisa	Duncan
Austin	MacDonald
Yvonne	Paterson
Joseph	Cornish
Ian	Nash
Molly	Powell
Alexandra	Wilkins
Harry	Thomson
Oliver	North
Sam	Wilson
Robert	Allan
Caroline	North
Adrian	Ince
Rebecca	Russell
Molly	Paige
Adrian	Sutherland
Katherine	Brown
Richard	Mathis
Gordon	Peters
Sam	Hughes
Dominic	Lawrence
Victor	Terry
Claire	Anderson
Pippa	North
Brandon	Skinner
Keith	Jackson
Jane	Vaughan
Harry	Hemmings
David	Hart
Luke	Parr
Una	Carr
Alan	Hemmings
Nicholas	McLean
Elizabeth	Mills
Trevor	Mathis
Frank	Nolan
Luke	White
Penelope	Churchill
Gordon	Manning
Faith	King
Christopher	Glover
Warren	Bower
Jason	Fraser
Christian	Miller
Jacob	Paige
Lucas	Walsh
Michael	Payne
Amy	Ogden
Emma	Ince
Michelle	Peters
Kimberly	Payne
Phil	Hemmings
Isaac	Randall
Isaac	Terry
Stephanie	Hudson
Cameron	Cameron
Wendy	Campbell
Cameron	Duncan
Jane	Peters
Alexandra	Davies
Frank	Skinner
Rachel	Mathis
William	Glover
Joshua	Chapman
Mary	Roberts
Austin	Burgess
Lauren	Watson
Austin	McGrath
Charles	Knox
Anne	Cornish
Amelia	MacDonald
Ian	Davies
Faith	Arnold
Charles	Brown
Diana	Murray
Stephanie	Campbell
Gavin	Miller
Irene	Turner
Amelia	Mitchell
Jake	Skinner
Mary	Walsh
Ruth	Hemmings
Sue	Turner
Alexander	Young
Carl	Ogden
Keith	Abraham
Jake	Greene
Joe	Brown
Adam	Campbell
Jasmine	Paterson
Cameron	Simpson
Ava	Fraser
Alexandra	Paige
Pippa	Parsons
Anthony	Robertson
Amelia	Arnold
Jasmine	Ross
Yvonne	Ball
David	Dowd
Samantha	King
Diana	Bailey
Olivia	Glover
Chloe	Avery
Cameron	Ogden
Adam	Russell
Wendy	Rees
Christian	Peake
Brandon	McDonald
Blake	Chapman
Keith	Parr
Julian	North
Joe	Lyman
Leonard	Hamilton
Tim	Manning
Molly	Dyer
Andrea	Mills
Joe	Baker
Andrew	Dickens
Ava	Clarkson
Jessica	Powell
Kimberly	Poole
Edward	Lawrence
Sue	Ball
Ella	Welch
Theresa	Ellison
Grace	Clark
Carl	Miller
Frank	Short
Michael	Nolan
Trevor	Randall
Edward	Jackson
Natalie	McGrath
Austin	Tucker
Gordon	Ferguson
Gabrielle	Ellison
Sonia	Underwood
Donna	Quinn
Jonathan	Randall
Carl	Metcalfe
Gabrielle	Newman
Jonathan	Gibson
Karen	Springer
Matt	Newman
Luke	Metcalfe
Gabrielle	Allan
Alexandra	Hemmings
Carl	Chapman
Evan	Black
Emma	Edmunds
Joe	Rees
Thomas	Morgan
Jan	Jackson
Isaac	Gray
Tracey	Grant
Max	Cornish
Samantha	Black
Lillian	Campbell
Donna	Kerr
Mary	Berry
Yvonne	Carr
Sophie	Piper
Mary	Bell
Virginia	James
Connor	Underwood
Phil	Churchill
Liam	Dowd
Thomas	McDonald
Dylan	Marshall
Eric	Langdon
Megan	Gibson
Charles	Lambert
Jacob	Greene
Robert	Lewis
William	James
Penelope	Ferguson
Carl	Vaughan
Connor	Newman
Brandon	Baker
Sam	Bond
Keith	Hart
Abigail	Terry
Nicholas	Nash
Boris	McLean
Dylan	Bower
Thomas	Ince
Max	Bond
Justin	Lambert
Jack	Clarkson
Stephanie	Graham
John	Dickens
Jessica	Campbell
Warren	Murray
Gabrielle	May
Pippa	Simpson
Sophie	Paterson
Claire	Wilson
Melanie	Kelly
Andrea	Underwood
Victoria	Ellison
Keith	Black
Robert	Hughes
Peter	Edmunds
Ava	Watson
Charles	Jones
Edward	Bailey
Audrey	Bell
Una	Abraham
Zoe	Hardacre
Lillian	Berry
Wendy	Miller
Tim	Taylor
Sophie	Scott
Sue	Graham
Megan	McGrath
Carl	McGrath
Mary	Metcalfe
Ian	Lawrence
Austin	Jones
Frank	Watson
Frank	Manning
Julia	Oliver
Boris	Reid
Sonia	Newman
Dan	Bond
Gordon	Randall
Isaac	Kerr
Chloe	Taylor
Blake	McGrath
Thomas	Fisher
Edward	Piper
Irene	Henderson
Claire	Roberts
Diana	Walsh
Audrey	Gibson
Max	Wilson
Dylan	Parr
Eric	Graham
Natalie	Paige
Rose	Jackson
Victor	Fraser
Jessica	Nolan
Dorothy	Arnold
Wanda	Reid
Ruth	Mackay
Connor	Kerr
Ava	Short
Brian	Dowd
Samantha	Burgess
Christian	Lambert
Jason	Dyer
Natalie	Robertson
Molly	Wallace
Anna	Roberts
Emma	Reid
Nicholas	Ferguson
Colin	Roberts
Grace	Dowd
Ryan	Gray
Oliver	Ferguson
Dylan	Hudson
Yvonne	Buckland
Nicholas	Churchill
Megan	Murray
Wanda	Rutherford
Harry	Gill
Alexandra	Mathis
Thomas	Avery
Richard	Underwood
Steven	Fraser
Amelia	Fraser
Trevor	Skinner
Karen	Dowd
Dorothy	Sanderson
Nathan	McGrath
Rebecca	Churchill
Samantha	Slater
Gordon	Miller
Sally	Johnston
Wanda	Anderson
William	Hardacre
Olivia	Bailey
Robert	Simpson
Liam	Sanderson
Trevor	Russell
Nicola	Rampling
Deirdre	Simpson
Stewart	Buckland
Jan	Mackay
Connor	Burgess
Max	Chapman
Lucas	Roberts
Simon	Ogden
Joseph	Roberts
Maria	Abraham
Carolyn	Black
Gordon	Davidson
Megan	Carr
Victor	Bailey
Stewart	MacDonald
Kimberly	Vance
Angela	Lyman
Jason	Payne
Blake	Dowd
Matt	Lyman
Joanne	Ince
Matt	Avery
Benjamin	Harris
Jane	Campbell
Megan	Welch
Steven	Powell
Adam	Rutherford
Joan	Hart
William	North
Angela	Avery
Colin	Jackson
Steven	Parsons
Maria	Johnston
Carol	Cornish
Austin	Simpson
Audrey	Hart
Lucas	Black
Jessica	May
Kylie	Hemmings
Charles	Randall
Ava	Martin
John	Mathis
Kylie	Roberts
Phil	Paterson
David	Newman
Sonia	Glover
Keith	Lewis
Andrew	Hunter
Carolyn	Fraser
Adrian	Bell
Joanne	Skinner
Harry	Roberts
Boris	Simpson
Lucas	Wilkins
Alison	Knox
David	May
Emma	Hughes
Jessica	Avery
Wanda	Edmunds
Fiona	Welch
Anna	Chapman
Jacob	Payne
Megan	Young
Mary	Taylor
Yvonne	Skinner
Adam	Ellison
Simon	Chapman
Zoe	Morgan
Megan	Taylor
Yvonne	Newman
Steven	Bond
Lillian	Lee
Sebastian	Hamilton
Joe	Jackson
Nicholas	Greene
Vanessa	Ball
Anna	Wilson
Jane	Russell
Sophie	Randall
Stewart	Kerr
Madeleine	Jones
James	Clarkson
Rose	Peake
Carl	Oliver
Ella	Ince
Gavin	Thomson
Sebastian	Wilkins
Harry	Peake
Kimberly	Gray
Owen	Rutherford
Austin	James
Amelia	Payne
Jonathan	Edmunds
Paul	Peters
Rose	Dyer
Jasmine	Pullman
Phil	Gill
Irene	Slater
Dominic	Ross
Megan	Mackenzie
Zoe	May
Karen	Skinner
Tracey	Russell
Rose	Black
Bella	Howard
Neil	Hughes
Joe	Burgess
Lauren	May
Angela	Rees
Lillian	Churchill
Virginia	Vaughan
Diana	Gill
Grace	Cornish
Gavin	Young
Ella	Bailey
Luke	Arnold
Edward	MacLeod
Ian	Harris
Lily	Tucker
Emma	Manning
Sean	Paterson
Leonard	Harris
Liam	Robertson
Dan	Langdon
Hannah	Slater
Max	Bower
Joanne	Young
Theresa	Forsyth
Caroline	Clarkson
Nicholas	Arnold
Tracey	Wilkins
Matt	Harris
Charles	Sanderson
Trevor	Ross
Brandon	Vaughan
Alexander	Jackson
Samantha	Reid
Melanie	Allan
Michelle	Sutherland
David	James
Madeleine	Poole
Austin	Cornish
Diane	Reid
Frank	Langdon
Grace	Avery
Hannah	Morrison
Rebecca	Hudson
Nicola	Sutherland
Lucas	Metcalfe
Liam	Alsop
Irene	Campbell
Tracey	Stewart
Jack	Hamilton
Piers	Mitchell
Edward	McDonald
Theresa	Randall
Boris	Tucker
Andrea	Hamilton
Victor	Bower
Christopher	Chapman
Bernadette	Brown
Zoe	Cameron
Karen	McLean
Amelia	Kelly
Penelope	Metcalfe
Nicola	Thomson
Phil	McDonald
Christopher	Hodges
Ella	Kerr
Isaac	McGrath
Alison	Baker
Rose	Ross
Dominic	Dowd
Charles	Roberts
Claire	Lee
Zoe	Duncan
Alison	Fisher
Brian	Sutherland
Gabrielle	Carr
Alan	Scott
Sam	Nash
Andrea	Allan
Leah	Hemmings
Sebastian	Chapman
Yvonne	Piper
Pippa	Newman
Connor	McGrath
Faith	Slater
Christian	Black
Leonard	Hemmings
Michael	Baker
Diana	Manning
Gabrielle	McGrath
Joshua	Terry
Sean	Jones
Tim	White
Jonathan	Mitchell
Peter	Harris
Kimberly	Pullman
Colin	Edmunds
Isaac	Burgess
Ruth	Watson
Sean	Russell
Alan	Edmunds
Max	Clark
Heather	Miller
Molly	King
Colin	Dickens
Brian	Bower
Eric	Dickens
Deirdre	Reid
Joan	Hamilton
Stewart	Marshall
Lucas	Nash
Max	Forsyth
Sue	Murray
Ava	Taylor
Michelle	Taylor
Evan	Wright
Abigail	Lewis
Diane	Nash
Stephanie	Jones
Max	Morgan
Evan	Buckland
Joshua	Dickens
Tracey	James
Sonia	Arnold
Una	Arnold
Blake	Brown
Dylan	Ogden
Fiona	Dowd
Piers	Reid
Bernadette	Coleman
Kimberly	Lambert
Diane	Payne
John	Kerr
Charles	Mackenzie
Dylan	Nolan
Joseph	Bond
Ella	Young
Faith	Vance
Carolyn	Howard
Wanda	Ince
James	Wilson
Piers	Abraham
Stewart	Gibson
Samantha	Wright
Cameron	Bailey
Kevin	Morgan
Chloe	Ross
Tim	Clark
Virginia	Gibson
Kevin	Kelly
Owen	Lee
Jack	Anderson
Kevin	Kerr
Paul	Burgess
Theresa	Coleman
Fiona	Greene
Bernadette	Greene
Yvonne	Henderson
Warren	Lyman
Leah	Johnston
Michael	Lawrence
Joe	Hill
Kimberly	Fisher
Max	Dyer
Sean	Allan
Sophie	Baker
Stephen	Peters
Anthony	Pullman
Warren	Lambert
Andrew	Smith
Donna	Underwood
Max	Vaughan
Mary	Wilson
Trevor	Harris
Claire	Blake
Amanda	Skinner
John	Bailey
Rachel	Underwood
Dorothy	Mathis
Max	Lawrence
Andrea	Glover
Nicola	Walker
Olivia	King
Leonard	Mathis
David	Buckland
Austin	Sutherland
Megan	Langdon
Leonard	Robertson
Rachel	Anderson
Heather	Mathis
Carl	Lambert
Frank	Rees
Carl	Davies
Trevor	Sharp
Benjamin	Poole
Grace	Buckland
Mary	Hart
Dominic	Cornish
Bella	Turner
Melanie	Knox
Heather	Reid
Claire	Piper
Austin	Thomson
Blake	Churchill
Ava	Russell
Steven	Newman
Nicola	Manning
Edward	Oliver
Julian	Springer
Eric	Hart
Stephen	Mills
Sebastian	Paige
Carl	Marshall
Michael	Paige
Michael	Tucker
Evan	Parr
Isaac	Simpson
Faith	Scott
Paul	Allan
Heather	Baker
Richard	McGrath
David	Powell
Julian	Robertson
Carol	Mackay
Cameron	Rutherford
Ruth	Walker
James	Wright
Sebastian	Bond
Sophie	Ross
Michelle	Cornish
Brian	Glover
Adrian	Johnston
Fiona	Nolan
Nathan	Morgan
Jonathan	Glover
Paul	Kelly
Rebecca	Hardacre
Neil	Mitchell
William	Murray
Olivia	Hemmings
Claire	Ellison
Mary	Turner
David	Taylor
Megan	Quinn
Richard	Hudson
Luke	Butler
Brian	Hodges
Blake	Mathis
Evan	Nolan
Katherine	Quinn
Justin	Wilson
Nathan	Hart
Stewart	Glover
Ruth	Peake
Heather	Kelly
Julia	Piper
Michelle	Clarkson
Trevor	Greene
Thomas	Anderson
Joanne	Hill
Stephanie	King
Max	Coleman
Mary	Oliver
Irene	Wilkins
Lillian	Welch
Harry	Sharp
Leah	Ellison
Joshua	Gibson
Andrew	Carr
Joe	Walker
Michelle	Welch
Owen	Russell
Gavin	Vance
Harry	Greene
Rebecca	Young
Anne	Mitchell
Victor	Walsh
Justin	Lawrence
Blake	Watson
Richard	Russell
Stewart	Gill
Julian	Terry
Cameron	Martin
Lillian	Butler
Connor	Ogden
Andrew	Oliver
David	White
Connor	Paige
Brian	Johnston
Rose	Lambert
Sam	Short
Katherine	Parr
Brandon	Duncan
Gavin	Clarkson
Sebastian	Parr
Ian	Parsons
Jan	Ross
Queen	Ball
Joanne	Cornish
Bernadette	Slater
Carolyn	Parr
Caroline	Henderson
Dan	Cornish
Carl	Morrison
Edward	Skinner
Gavin	McGrath
Sam	Walker
Kylie	Gray
Emily	Mathis
Emma	Cornish
Felicity	Grant
Christopher	Mills
Fiona	Glover
Liam	Mitchell
Deirdre	Walker
Diane	Edmunds
Vanessa	Walsh
Dan	Berry
Rachel	Ross
Irene	Bell
Owen	Gill
Victor	Arnold
Alexander	Mitchell
Carl	Grant
Dominic	Powell
Gordon	McGrath
Austin	Henderson
Natalie	Abraham
Zoe	Coleman
Anne	Lyman
Paul	Cameron
Ian	Parr
Ryan	Hardacre
Isaac	Smith
Julia	Rutherford
Melanie	Blake
Rachel	Bell
Abigail	Jackson
Eric	Terry
Adam	Paige
Pippa	Hunter
Peter	Rees
Brian	Short
Bella	Hughes
Amy	Harris
Steven	Ferguson
Boris	Vaughan
Pippa	Jones
Emma	Metcalfe
Evan	Clark
Warren	Kerr
Alan	Morrison
Joe	Wright
Jake	Rees
Audrey	Rees
Blake	Bell
Brian	Poole
Yvonne	Parsons
William	Underwood
Paul	Coleman
Donna	Vaughan
Liam	Glover
Stephanie	Piper
Joanne	Kerr
Lauren	Langdon
Thomas	Piper
Sonia	Piper
Stephen	Pullman
Evan	Ince
Liam	Terry
Sonia	Ogden
Lisa	Sharp
Jasmine	Ogden
Steven	Dickens
Gordon	Hamilton
Sebastian	Burgess
Andrea	McGrath
Wanda	Grant
Benjamin	Gill
Rebecca	Alsop
Tim	Cameron
Owen	Johnston
Justin	North
Tracey	Metcalfe
Harry	May
Peter	Vaughan
Adrian	Lawrence
Owen	Cameron
Alan	Glover
Nicola	Morgan
Brandon	Rampling
Donna	Ince
Austin	Campbell
Bernadette	Paige
Trevor	Grant
Dylan	Randall
Amelia	Howard
Lauren	Ball
Gabrielle	Gibson
David	Butler
Diane	Mathis
Alexander	Robertson
Steven	Nash
Lauren	Russell
Diana	Terry
Jack	Langdon
Madeleine	Coleman
Simon	Powell
Luke	Walsh
Vanessa	Taylor
Audrey	Dickens
Simon	Terry
Steven	Cameron
Matt	Buckland
Stephen	Buckland
Jacob	White
Brandon	Jones
Zoe	James
Jack	Manning
Jacob	Sanderson
Peter	Quinn
Kylie	Campbell
William	Paterson
Victoria	Reid
Justin	Rampling
Lily	Clark
Peter	Smith
Rose	Terry
Edward	Coleman
Rebecca	Campbell
Kevin	Springer
Sonia	Vaughan
Austin	Harris
Warren	Vaughan
Tracey	McLean
Christopher	Welch
Justin	Henderson
Elizabeth	Hamilton
Joshua	Vaughan
Rachel	Mackenzie
Lillian	Anderson
Benjamin	Lawrence
Fiona	Martin
Ian	Blake
Joan	Grant
Justin	Gibson
Emily	Brown
Gabrielle	Rampling
Lisa	Ferguson
Sam	Smith
Connor	Martin
Victoria	Allan
Claire	Johnston
Heather	Tucker
Alexander	Johnston
Samantha	Fraser
Amanda	Tucker
Austin	Morgan
Ruth	Bower
Max	Miller
Chloe	May
James	Forsyth
Lucas	Morgan
Anthony	Kelly
William	MacDonald
Zoe	Skinner
Alison	Clark
Samantha	Smith
Sophie	Sharp
Karen	Turner
Kylie	Wright
Joanne	White
Mary	Newman
Fiona	Parr
Olivia	Wilkins
Ian	Graham
Edward	Slater
Sophie	Dickens
Sonia	Peake
Amanda	Bond
Olivia	Walsh
William	Hodges
Blake	Cornish
Wendy	Fisher
Dorothy	Taylor
Simon	Robertson
Natalie	Turner
Amanda	Forsyth
Faith	MacDonald
Sophie	Forsyth
Matt	Black
Sebastian	Baker
Sally	Thomson
Hannah	Short
Heather	Parr
Dan	Pullman
Bernadette	Wright
Zoe	MacLeod
Emma	Gill
Steven	Martin
Michelle	Lee
Simon	Butler
Ruth	Davies
Rebecca	Anderson
Diane	Lambert
Elizabeth	May
Anthony	Mills
Victor	Peters
Carl	Ross
Tim	Hardacre
Steven	Campbell
Jan	McGrath
Lauren	Wilkins
Christopher	Sutherland
Amelia	Ferguson
Rachel	Newman
Bernadette	Terry
Bernadette	Hemmings
Victoria	Taylor
Audrey	Abraham
Ryan	Churchill
Rebecca	Carr
Alison	Hamilton
Robert	Lawrence
Heather	Knox
John	Simpson
Kylie	Clark
Joe	Lee
Stewart	Hunter
Sophie	Martin
Piers	Tucker
Boris	MacLeod
Brandon	Ross
Jacob	James
Diana	Chapman
Stephen	Ball
Christopher	Miller
Chloe	Mills
Paul	Dowd
Carl	Howard
Melanie	May
Isaac	Hardacre
Leah	Jones
Sarah	Coleman
Virginia	Rees
Neil	Peters
Phil	Baker
Amy	Walker
Kevin	Quinn
Bella	Oliver
Anne	Thomson
Ryan	Underwood
Sonia	Parsons
Matt	Hill
Oliver	James
Nicholas	Scott
Ryan	Lambert
Adam	Hemmings
Adrian	Marshall
Phil	Mitchell
Michael	Lambert
Simon	Sharp
Jake	Martin
Zoe	Mackay
Una	Nolan
Rebecca	Scott
Vanessa	Robertson
Matt	Morgan
Ava	Bailey
Lisa	Marshall
Thomas	Mathis
Blake	Johnston
Jessica	Mills
Adam	Short
Michelle	MacDonald
Tracey	Nash
Una	Grant
Jan	James
Gavin	Harris
Wanda	Duncan
Rebecca	Davidson
Alexander	Stewart
Penelope	Arnold
Amanda	Ince
Christopher	Lewis
Andrea	Wilson
Liam	Chapman
Steven	Ball
Isaac	Kelly
Jacob	Watson
Eric	Ferguson
Austin	Davidson
Joseph	Anderson
Gavin	Fraser
John	Robertson
Nathan	Randall
Kevin	Burgess
Sally	Campbell
Vanessa	Coleman
Paul	McGrath
Peter	Bailey
William	Butler
Stewart	Wilkins
Angela	White
Kimberly	Sanderson
Cameron	Springer
Carol	Hunter
Penelope	Walker
Sonia	Jones
Leonard	Peake
Gordon	Ross
Ruth	Underwood
Irene	Hamilton
Jason	Butler
Michael	Black
Fiona	Allan
Brandon	Hudson
Donna	Edmunds
Cameron	Lawrence
Jake	Robertson
Sue	Rampling
Austin	White
Caroline	Simpson
Donna	Fisher
Brian	Lee
Bella	Kerr
Mary	Rees
Alison	Ferguson
Sue	Clarkson
Abigail	Vaughan
Natalie	Baker
Amy	Parsons
Tim	Skinner
Cameron	Edmunds
Joshua	Turner
Andrea	Pullman
Nicholas	Walker
Sean	Blake
Brandon	Jackson
Adam	Ball
Heather	Vaughan
John	Sanderson
Harry	Gray
Amy	McGrath
Justin	May
Matt	Piper
Adam	Kelly
Pippa	Johnston
Piers	Chapman
Carl	Hill
Leonard	Churchill
Joseph	Wallace
Ian	Mackenzie
Dan	Ince
Liam	Poole
Caroline	Paterson
Kimberly	White
Dorothy	Jones
Kimberly	Walsh
Eric	Lee
Alan	Rees
Stewart	Hart
Jessica	Poole
Amelia	Ross
Thomas	Gill
Chloe	Oliver
Una	Rampling
Liam	Turner
Sophie	Carr
Mary	Stewart
Phil	Jones
Simon	Slater
Joseph	Howard
Samantha	Ball
John	Ellison
Alexander	Hart
Frank	Coleman
Jake	Bailey
Anna	Johnston
Anne	Parsons
Jake	Lewis
Maria	Anderson
Joanne	Mitchell
Gavin	Gill
Robert	Ellison
Donna	Cameron
Theresa	Peake
Jake	Ellison
Neil	Pullman
Gordon	Wright
Alan	Wright
Zoe	Bailey
Brian	Grant
Joseph	Short
Jane	Paige
Sophie	Hodges
William	Tucker
Molly	Arnold
Felicity	Parr
Sonia	Wilson
Carolyn	Welch
Samantha	Poole
Emily	Stewart
Rachel	Gibson
Jake	Smith
Caroline	Graham
Ian	Knox
Audrey	King
Julia	Scott
Victor	Ferguson
Claire	Mackay
Dylan	Robertson
Tim	Parr
Cameron	Rees
Fiona	Lawrence
Virginia	Glover
Amelia	Paterson
Emma	Peters
Justin	Churchill
Anthony	Alsop
Adrian	Taylor
Irene	Rampling
Dylan	Terry
Anna	Gill
Anna	Simpson
Jan	Baker
Austin	Mitchell
Caroline	Hodges
Lucas	Abraham
Jessica	Manning
John	Butler
Emily	Peake
Joseph	North
Lisa	Reid
Christopher	Powell
Robert	Davidson
Amanda	Peters
Sally	Grant
David	Brown
Kimberly	Stewart
Dan	King
Tracey	Coleman
Phil	James
Jasmine	Lambert
Anthony	Butler
Joshua	Baker
Alexandra	Morgan
Simon	Oliver
Oliver	Powell
Heather	Ogden
Una	Wallace
Nicola	Hamilton
Liam	Cornish
James	Ogden
Carl	Rampling
Lillian	Bailey
Julian	Welch
Cameron	Sutherland
Claire	Buckland
Sally	Smith
Richard	Berry
Amanda	Kerr
Andrew	Hamilton
Joanne	Black
Justin	Metcalfe
Anthony	Sharp
Grace	Sutherland
Alan	Hughes
Alan	Skinner
Rebecca	Henderson
Leonard	Short
Warren	Berry
Carolyn	Walsh
Molly	Greene
Gordon	Quinn
Tim	Coleman
Keith	Ferguson
Piers	Randall
Thomas	Coleman
Vanessa	Burgess
Diane	Bond
Mary	Welch
Ian	Reid
Jake	Morrison
Diane	Brown
David	Bower
Rebecca	Tucker
Caroline	Johnston
Vanessa	Ince
Sebastian	McDonald
Anne	Stewart
Dylan	Rees
Justin	Hart
Joshua	Hodges
Virginia	Dickens
Brandon	Mills
Virginia	Wallace
Sam	North
Warren	Gill
Natalie	Simpson
Anna	Nolan
Madeleine	Newman
Trevor	Quinn
Lucas	James
Paul	Henderson
Julian	McGrath
Audrey	Mills
Frank	McLean
Adam	Langdon
Sophie	MacDonald
Gordon	Sanderson
Ryan	Sutherland
James	Coleman
Austin	Powell
Virginia	Welch
Bella	Burgess
Gordon	May
Claire	Bell
Madeleine	Jackson
Wendy	Baker
Leah	Gill
Trevor	North
Colin	Allan
Sonia	Peters
Stephanie	North
Isaac	Payne
Sophie	Parsons
Abigail	Ferguson
Diane	Graham
Maria	Carr
Tim	MacDonald
Elizabeth	Anderson
Madeleine	Greene
Sean	McGrath
Bella	Carr
Stephen	Hunter
Audrey	Newman
Joanne	Walker
Michael	Abraham
Sonia	Rutherford
Molly	Morrison
Benjamin	Hemmings
Brian	Jones
Robert	Knox
Oliver	Davidson
Carolyn	Nash
Amelia	Hudson
Amy	Mills
Nathan	North
Irene	Hodges
Donna	Hemmings
Luke	Harris
Jonathan	Buckland
Rebecca	Hamilton
Sophie	Sanderson
Nicholas	MacDonald
John	Allan
Abigail	King
Warren	Clark
Brian	Berry
Isaac	Berry
Jasmine	McLean
Thomas	MacLeod
Diane	Terry
Carl	Slater
Grace	Hart
Pippa	Hart
Cameron	Glover
Abigail	Hardacre
Emma	Mackenzie
Owen	Reid
Zoe	Marshall
Victor	Mills
Lucas	Buckland
Elizabeth	Brown
Samantha	Harris
Max	Powell
Jan	Hudson
Carol	Duncan
Isaac	Manning
Sally	Arnold
Harry	Bell
Sue	Burgess
Evan	Springer
Phil	Langdon
Boris	Mills
Paul	Abraham
Joseph	Peake
Phil	Robertson
Pippa	Alsop
Isaac	Blake
Heather	Bailey
Michelle	Jackson
Donna	Buckland
Jake	Welch
Jack	Randall
Dan	Henderson
Karen	Robertson
Virginia	Davidson
Virginia	Walsh
Victoria	Mackay
Neil	Short
Virginia	Wright
Leonard	Grant
Jennifer	Cornish
Charles	Graham
Carol	Fisher
Cameron	Bell
Jake	Underwood
Isaac	Dickens
Ella	Oliver
Robert	Wilson
Andrea	Ogden
Jasmine	Scott
Amelia	Abraham
Samantha	Graham
Joan	Morgan
Alexander	Henderson
Adam	Lewis
Sebastian	Ince
Adam	Taylor
Michelle	Lawrence
Anthony	Marshall
Brandon	Terry
Abigail	Underwood
Sean	Short
Rebecca	Welch
Bernadette	Dickens
Victoria	MacLeod
Luke	Wilson
Stewart	Cornish
Warren	Hudson
Alexander	Harris
Bernadette	Skinner
Alan	Slater
Karen	Powell
Michelle	Grant
Peter	Taylor
Alexander	Graham
Boris	Graham
Hannah	Nash
Tracey	Roberts
Robert	Paterson
Wendy	Martin
Joshua	King
Julian	Reid
Molly	Hudson
Neil	Robertson
Alexandra	Tucker
Michelle	Walsh
Harry	Sutherland
Wendy	Forsyth
Victoria	Bower
Edward	Wilson
Jennifer	Ross
Alexander	MacDonald
Nicholas	Kelly
Deirdre	Bailey
Carol	Bower
Grace	Cameron
Brian	Rampling
Tracey	King
Jasmine	Fisher
Brian	Payne
Owen	Peake
Julian	Wilson
Joanne	Wilson
Nicholas	Pullman
Victor	Lewis
Diana	Dyer
Gordon	Mitchell
Kimberly	MacLeod
Neil	MacDonald
Heather	Rutherford
Richard	Hardacre
Carolyn	Mackay
Lisa	Hemmings
William	Newman
Julia	Lee
Piers	Lawrence
Tim	Lawrence
Steven	Young
Eric	Randall
Michael	Short
Adrian	Smith
Wendy	Scott
Liam	Short
Gavin	Peake
Nicholas	Miller
Luke	Clarkson
Tracey	Ball
Jennifer	Wright
Zoe	Dickens
Penelope	Manning
Caroline	Gibson
Jan	Welch
Sean	Springer
Robert	Sharp
Tracey	Fisher
Zoe	Manning
Faith	Paige
Oliver	Anderson
Steven	Paterson
Lily	Manning
Anna	Jackson
Phil	Hodges
Melanie	Bailey
Alison	Oliver
Robert	Duncan
Oliver	Alsop
Bella	Chapman
Sue	Howard
Charles	Peters
Oliver	McGrath
Joan	Coleman
Sean	Cameron
Stephen	Hamilton
Neil	Clark
Kimberly	Kerr
Molly	Short
Blake	Howard
Megan	Morrison
Leah	Nolan
Pippa	Peake
Rebecca	Knox
Sonia	Hodges
Abigail	McGrath
David	Ellison
Megan	Bell
Mary	Lyman
Melanie	Ferguson
Rose	Parr
Jack	Fraser
Jessica	Greene
Matt	Nash
Joseph	Gill
Christian	Tucker
Adam	Edmunds
Max	Bell
Stephanie	Skinner
Jack	Roberts
Christian	Oliver
Victor	Jackson
Nicholas	Rees
Heather	Hamilton
Alan	Walker
Tracey	Powell
Lucas	Piper
Sally	James
Rebecca	Dyer
Lucas	Peake
Nicholas	Clarkson
Megan	Sanderson
Tim	Wilson
David	Mills
Una	Bower
Jessica	Bailey
Grace	King
Amelia	Lambert
Victoria	Smith
Max	Rutherford
Claire	Morgan
Lucas	Quinn
Virginia	Newman
Hannah	Hunter
Diane	Metcalfe
Emma	Kelly
Paul	Fraser
Julian	Anderson
Dan	Gibson
Olivia	Nash
Mary	Fraser
Lily	Springer
Jack	Kerr
Caroline	MacDonald
Stephanie	Peters
Christian	Smith
Isaac	Sharp
Christian	Forsyth
Julia	Marshall
Leah	Simpson
Brian	Vaughan
Bella	Cornish
Justin	Hughes
William	Mills
Neil	Mathis
Fiona	Wallace
Anna	Miller
Blake	Carr
Frank	Smith
Anne	Hemmings
Theresa	Howard
James	Walsh
Peter	MacDonald
Stephen	Underwood
Sonia	Nash
Trevor	Welch
Michelle	Rutherford
Amy	Kerr
Penelope	Rees
Joe	Marshall
Dan	Davidson
Michelle	Graham
Isaac	Lawrence
Audrey	Davies
Alexander	Nash
Julia	Gibson
Luke	Carr
Wendy	Clark
Claire	Clarkson
Amy	Dickens
Stewart	Mathis
Angela	Burgess
Carolyn	Manning
Brian	Churchill
Alan	Lee
Benjamin	Walker
Kevin	Ellison
Oliver	Hill
Sonia	Avery
Luke	Chapman
Ruth	Nolan
Joe	Gray
Alexander	Welch
Simon	Arnold
Bernadette	MacLeod
Tim	Lambert
Joan	Fraser
Andrea	Hodges
Brandon	Lawrence
Sarah	Lambert
Lily	Rampling
Rebecca	Murray
Jennifer	Morrison
Jonathan	Avery
Samantha	Springer
Jason	Hughes
Anthony	Mitchell
Elizabeth	Walker
Alison	Manning
Sally	Lee
Penelope	Brown
Michelle	Gray
Jan	May
Adrian	Nash
Melanie	Young
Yvonne	Berry
Sebastian	Churchill
Alexandra	King
Joe	Ogden
Nathan	Paige
Evan	Lyman
Emma	Blake
Alison	White
Karen	Mackay
Irene	Bailey
Neil	Dowd
Ava	Allan
Anne	Rees
Anthony	Rampling
Bella	Young
Felicity	Murray
Pippa	Watson
Wanda	Hunter
Donna	Gill
Megan	Wilson
Amanda	Hemmings
Cameron	Oliver
Zoe	Lambert
Justin	Pullman
Thomas	Parr
Melanie	Poole
Max	Hemmings
Angela	Gray
Jennifer	Nolan
Joe	Taylor
Madeleine	Mitchell
Emma	Allan
Faith	Carr
Dominic	McDonald
Caroline	Jackson
Natalie	Manning
Gabrielle	Mitchell
Harry	Buckland
Karen	Ogden
Paul	Lyman
Amy	Terry
Lillian	Howard
Gavin	Short
Steven	Parr
Stephen	Springer
Heather	Clark
Felicity	Bell
Nicola	Parsons
Warren	Harris
John	Hodges
Caroline	Newman
Jack	Bailey
Claire	Wilkins
Steven	Dyer
Gabrielle	Duncan
Max	Robertson
Deirdre	Fisher
Kevin	Allan
Dylan	Mitchell
Jane	Nash
Theresa	Lambert
Sam	Kerr
Elizabeth	Ogden
Jennifer	Watson
Joan	Ross
Peter	Rutherford
Jessica	Hemmings
Ruth	Terry
Alan	Buckland
Wanda	Lewis
Amanda	Harris
Jacob	Scott
Benjamin	Martin
Carl	James
Katherine	McGrath
Jacob	Bell